<?xml version="1.0"?>
<doc>
    <assembly>
        <name>Wpf.Ui.SyntaxHighlight</name>
    </assembly>
    <members>
        <member name="T:Wpf.Ui.SyntaxHighlight.Controls.CodeBlock">
            <summary>
            Formats and display a fragment of the source code.
            </summary>
        </member>
        <member name="F:Wpf.Ui.SyntaxHighlight.Controls.CodeBlock.SyntaxContentProperty">
            <summary>
            Property for <see cref="P:Wpf.Ui.SyntaxHighlight.Controls.CodeBlock.SyntaxContent"/>.
            </summary>
        </member>
        <member name="F:Wpf.Ui.SyntaxHighlight.Controls.CodeBlock.ButtonCommandProperty">
            <summary>
            Property for <see cref="P:Wpf.Ui.SyntaxHighlight.Controls.CodeBlock.ButtonCommand"/>.
            </summary>
        </member>
        <member name="P:Wpf.Ui.SyntaxHighlight.Controls.CodeBlock.SyntaxContent">
            <summary>
            Formatted <see cref="P:System.Windows.Controls.ContentControl.Content"/>.
            </summary>
        </member>
        <member name="P:Wpf.Ui.SyntaxHighlight.Controls.CodeBlock.ButtonCommand">
            <summary>
            Command triggered after clicking the control button.
            </summary>
        </member>
        <member name="M:Wpf.Ui.SyntaxHighlight.Controls.CodeBlock.#ctor">
            <summary>
            Creates new instance and assigns <see cref="P:Wpf.Ui.SyntaxHighlight.Controls.CodeBlock.ButtonCommand"/> default action.
            </summary>
        </member>
        <member name="M:Wpf.Ui.SyntaxHighlight.Controls.CodeBlock.OnContentChanged(System.Object,System.Object)">
            <summary>
            This method is invoked when the Content property changes.
            </summary>
            <param name="oldContent">The old value of the Content property.</param>
            <param name="newContent">The new value of the Content property.</param>
        </member>
        <member name="T:Wpf.Ui.SyntaxHighlight.Highlighter">
            <summary>
            Formats a string of code into <see cref="T:System.Windows.Controls.TextBox"/> control.
            <para>Implementation and regex patterns inspired by <see href="https://github.com/antoniandre/simple-syntax-highlighter"/>.</para>
            </summary>
        </member>
        <member name="T:Wpf.Ui.SyntaxHighlight.Markup.SyntaxHighlightDictionary">
            <summary>
            Provides a dictionary implementation that contains <c>WPF UI</c> controls resources used by components and other elements of a WPF application.
            </summary>
        </member>
        <member name="M:Wpf.Ui.SyntaxHighlight.Markup.SyntaxHighlightDictionary.#ctor">
            <summary>
            Default constructor defining <see cref="P:System.Windows.ResourceDictionary.Source"/> of the <c>WPF UI</c> syntax highlight dictionary.
            </summary>
        </member>
        <member name="T:Wpf.Ui.SyntaxHighlight.SyntaxLanguage">
            <summary>
            Supported languages for syntax highlighting.
            </summary>
        </member>
    </members>
</doc>
