<?xml version="1.0"?>
<doc>
    <assembly>
        <name>Wpf.Ui.DependencyInjection</name>
    </assembly>
    <members>
        <member name="T:Wpf.Ui.DependencyInjection.DependencyInjectionNavigationViewPageProvider">
            <summary>
            Service that provides pages for navigation.
            </summary>
        </member>
        <member name="M:Wpf.Ui.DependencyInjection.DependencyInjectionNavigationViewPageProvider.#ctor(System.IServiceProvider)">
            <summary>
            Service that provides pages for navigation.
            </summary>
        </member>
        <member name="M:Wpf.Ui.DependencyInjection.DependencyInjectionNavigationViewPageProvider.GetPage(System.Type)">
            <inheritdoc />
        </member>
        <member name="T:Wpf.Ui.DependencyInjection.ServiceCollectionExtensions">
            <summary>
            Provides extension methods for <see cref="T:Microsoft.Extensions.DependencyInjection.IServiceCollection"/> to support WPF UI navigation and services.
            </summary>
        </member>
        <member name="M:Wpf.Ui.DependencyInjection.ServiceCollectionExtensions.AddNavigationViewPageProvider(Microsoft.Extensions.DependencyInjection.IServiceCollection)">
            <summary>
            Adds the services necessary for page navigation within a WPF UI NavigationView.
            </summary>
            <param name="services">The <see cref="T:Microsoft.Extensions.DependencyInjection.IServiceCollection"/> to add the services to.</param>
            <returns>The <see cref="T:Microsoft.Extensions.DependencyInjection.IServiceCollection"/> so that additional calls can be chained.</returns>
        </member>
    </members>
</doc>
